time,type,id,x,y,yaw
1758644866.6331792,herder,1,1.71274169921875,0.26457101440429687,-2.8673879951169456
1758644866.6331792,herder,2,1.394223388671875,-1.3395904541015624,1.5337026207097824
1758644866.6331792,target,1,-0.35572491455078126,1.0577608642578125,-0.6879086909002718
1758644866.6331792,target,2,0.1103444595336914,0.23002517700195313,2.7065554358293165
1758644866.6331792,target,3,-0.11331855773925781,0.2980748291015625,-1.455867343636418
1758644866.6331792,target,4,1.3002550048828125,0.3196997985839844,-1.477390345776166
1758644866.6331792,target,5,1.037070556640625,-0.9186845092773438,2.403958018026807
1758644866.652872,herder,1,1.712736328125,0.26457925415039063,-2.867432736223259
1758644866.652872,herder,2,1.3942332763671874,-1.3395721435546875,1.5336040837494496
1758644866.652872,target,1,-0.35572036743164065,1.0577764892578125,-0.6881811322797871
1758644866.652872,target,2,0.11035459899902343,0.23002238464355468,2.7067543739627453
1758644866.652872,target,3,-0.11333222198486329,0.29807464599609373,-1.4559581574295897
1758644866.652872,target,4,1.3001512451171875,0.3197171630859375,-1.47816505933727
1758644866.652872,target,5,1.0371295166015626,-0.9186832275390625,2.4050472509126495
1758644866.6727815,herder,1,1.7127447509765625,0.26458856201171876,-2.8671594958954167
1758644866.6727815,herder,2,1.394219482421875,-1.33955126953125,1.533752421822167
1758644866.6727815,target,1,-0.3557120361328125,1.0577486572265624,-0.6878140821025468
1758644866.6727815,target,2,0.11034877014160156,0.23001358032226563,2.7065546368809894
1758644866.6727815,target,3,-0.11326315307617188,0.29804437255859373,-1.4569493859873173
1758644866.6727815,target,4,1.3003585205078125,0.3195945129394531,-1.4760503762736925
1758644866.6727815,target,5,1.0370966796875,-0.9187172241210938,2.403981720160509
1758644866.6928382,herder,1,1.7127357177734375,0.2645647277832031,-2.8674769446973545
1758644866.6928382,herder,2,1.3942423095703125,-1.3395540771484375,1.533635109576149
1758644866.6928382,target,1,-0.35572576904296876,1.0577420654296874,-0.6877114172425243
1758644866.6928382,target,2,0.11034580230712891,0.23001889038085938,2.7063895208934046
1758644866.6928382,target,3,-0.11328662872314453,0.298031982421875,-1.4563644226538814
1758644866.6928382,target,4,1.30032763671875,0.3196215515136719,-1.476750920798438
1758644866.6928382,target,5,1.0370672607421876,-0.9187000122070312,2.403379845754151
1758644866.713113,herder,1,1.7127415771484376,0.2645678405761719,-2.8672915886854846
1758644866.713113,herder,2,1.39424365234375,-1.3395712890625,1.5336175327129544
1758644866.713113,target,1,-0.3557352294921875,1.057770263671875,-0.6880258034092082
1758644866.713113,target,2,0.11033808898925782,0.23005850219726562,2.7054550176668957
1758644866.713113,target,3,-0.11327721405029297,0.29804022216796877,-1.456857373771655
1758644866.713113,target,4,1.3002940673828125,0.31966342163085937,-1.4770336153481498
1758644866.713113,target,5,1.0370740966796874,-0.9187235107421875,2.4034738553406307
1758644866.7328131,herder,1,1.712744873046875,0.26455380249023436,-2.8673531077066654
1758644866.7328131,herder,2,1.394231689453125,-1.3395665283203124,1.5337300512690102
1758644866.7328131,target,1,-0.3557367553710937,1.0577562255859374,-0.6882448484088671
1758644866.7328131,target,2,0.11035951995849609,0.2300848388671875,2.7053817807369183
1758644866.7328131,target,3,-0.11328740692138672,0.2980571594238281,-1.4564921212281507
1758644866.7328131,target,4,1.3003314208984376,0.3196768798828125,-1.4772589187763705
1758644866.7328131,target,5,1.0371025390625,-0.9187247314453125,2.4040115475647177
1758644866.752852,herder,1,1.7127427978515626,0.26453997802734375,-2.867460965730814
1758644866.752852,herder,2,1.39422509765625,-1.3395828857421874,1.5337066154514176
1758644866.752852,target,1,-0.3557631530761719,1.0577607421875,-0.6883308685120767
1758644866.752852,target,2,0.11034748840332032,0.23004118347167968,2.705672065295737
1758644866.752852,target,3,-0.11332161712646484,0.29804913330078125,-1.4562090272042751
1758644866.752852,target,4,1.3002362060546875,0.31970233154296873,-1.4769445326096866
1758644866.752852,target,5,1.037114013671875,-0.9187203979492188,2.403385971024658
1758644866.7728286,herder,1,1.712785888671875,0.26455465698242187,-2.8670007714944483
1758644866.7728286,herder,2,1.394230712890625,-1.3395467529296874,1.5335898358376177
1758644866.7728286,target,1,-0.3557543029785156,1.057768798828125,-0.6879837254639849
1758644866.7728286,target,2,0.11034896850585937,0.23006321716308595,2.7054190649921797
1758644866.7728286,target,3,-0.11331388854980469,0.298060791015625,-1.4561448450220043
1758644866.7728286,target,4,1.3000618896484375,0.31974853515625,-1.4794070245116284
1758644866.7728286,target,5,1.037093505859375,-0.9187239990234375,2.403718067212591
1758644866.7927563,herder,1,1.71276171875,0.264564208984375,-2.867232732825394
1758644866.7927563,herder,2,1.3942264404296876,-1.33955712890625,1.5338638751137867
1758644866.7927563,target,1,-0.35574807739257813,1.0577701416015626,-0.6884445189115959
1758644866.7927563,target,2,0.11034404754638671,0.230040771484375,2.7056598147547226
1758644866.7927563,target,3,-0.11333914184570312,0.298054931640625,-1.455863615210892
1758644866.7927563,target,4,1.3001375732421876,0.3197246398925781,-1.4790995625637788
1758644866.7927563,target,5,1.0371058349609374,-0.9187342529296875,2.4044925144575857
1758644866.8127534,herder,1,1.7127613525390626,0.26457235717773436,-2.8673680214087702
1758644866.8127534,herder,2,1.394228515625,-1.3395792236328126,1.533635109576149
1758644866.8127534,target,1,-0.3557600402832031,1.057777587890625,-0.6882917866230798
1758644866.8127534,target,2,0.11034886932373048,0.23004319763183595,2.7062656839027155
1758644866.8127534,target,3,-0.11334813690185547,0.29806060791015626,-1.4560242038246238
1758644866.8127534,target,4,1.300253662109375,0.3197048645019531,-1.4779215132555823
1758644866.8127534,target,5,1.03707763671875,-0.9187211303710937,2.4046392546336492
1758644866.8328326,herder,1,1.712778564453125,0.264561767578125,-2.867500114198838
1758644866.8328326,herder,2,1.3942333984375,-1.33955322265625,1.5337482939224774
1758644866.8328326,target,1,-0.35577615356445313,1.057760009765625,-0.6882898558312895
1758644866.8328326,target,2,0.11035491943359375,0.23006462097167968,2.705877661331891
1758644866.8328326,target,3,-0.11329472351074218,0.29803826904296876,-1.4565453844499523
1758644866.8328326,target,4,1.300141357421875,0.31973980712890626,-1.478298750023992
1758644866.8328326,target,5,1.03708642578125,-0.9187200317382812,2.403891705315664
1758644866.8528466,herder,1,1.7127529296875,0.2645534362792969,-2.8671863938224265
1758644866.8528466,herder,2,1.3942313232421875,-1.3395826416015626,1.5336343106278219
1758644866.8528466,target,1,-0.3557652587890625,1.057769287109375,-0.688625280970585
1758644866.8528466,target,2,0.1103458251953125,0.2300451202392578,2.705874731854692
1758644866.8528466,target,3,-0.11330083465576171,0.298040771484375,-1.4563927853194907
1758644866.8528466,target,4,1.3000865478515624,0.319741455078125,-1.4783103347747337
1758644866.8528466,target,5,1.0370767822265625,-0.9187130737304687,2.403711941942084
1758644866.8728423,herder,1,1.712761474609375,0.2645662841796875,-2.8672867949955227
1758644866.8728423,herder,2,1.3942242431640626,-1.3395877685546875,1.5335734573969135
1758644866.8728423,target,1,-0.3557909545898438,1.0577762451171875,-0.6889219571160198
1758644866.8728423,target,2,0.11034928894042968,0.23003329467773437,2.7059594203773565
1758644866.8728423,target,3,-0.11329590606689453,0.29805453491210937,-1.4565692197417084
1758644866.8728423,target,4,1.3000760498046875,0.31974322509765624,-1.478167456182251
1758644866.8728423,target,5,1.0370821533203125,-0.9186871337890625,2.4035015522159675
1758644866.8928506,herder,1,1.7127239990234375,0.26457440185546877,-2.86773047763313
1758644866.8928506,herder,2,1.3942236328125,-1.339569580078125,1.5336980933359292
1758644866.8928506,target,1,-0.3557740478515625,1.057775390625,-0.6885854667122883
1758644866.8928506,target,2,0.11035400390625,0.23001332092285157,2.7062896523525266
1758644866.8928506,target,3,-0.11331412506103515,0.2980706787109375,-1.4567324715165304
1758644866.8928506,target,4,1.3002545166015624,0.31970758056640625,-1.4776425471313965
1758644866.8928506,target,5,1.03710498046875,-0.91869775390625,2.4034019499911983
1758644866.912868,herder,1,1.7127645263671876,0.26456689453125,-2.867158164314872
1758644866.912868,herder,2,1.3942325439453125,-1.3395804443359376,1.5336466943268907
1758644866.912868,target,1,-0.35576519775390625,1.05777001953125,-0.6883305356169405
1758644866.912868,target,2,0.11036759185791016,0.23001519775390625,2.7061575595624583
1758644866.912868,target,3,-0.11326640319824219,0.2980379638671875,-1.4569211564797624
1758644866.912868,target,4,1.300150390625,0.31970571899414063,-1.47828183895107
1758644866.912868,target,5,1.0371160888671875,-0.91870751953125,2.403712740890411
1758644866.9329698,herder,1,1.712774658203125,0.26456072998046876,-2.867429274113842
1758644866.9329698,herder,2,1.394225341796875,-1.33955859375,1.5341168754173442
1758644866.9329698,target,1,-0.35577032470703124,1.0577635498046876,-0.6883190840242531
1758644866.9329698,target,2,0.11036314392089844,0.23002174377441406,2.7071320102053185
1758644866.9329698,target,3,-0.11324909210205078,0.2980489196777344,-1.4568927938141532
1758644866.9329698,target,4,1.300128173828125,0.31970269775390625,-1.4785114034370348
1758644866.9329698,target,5,1.0371263427734374,-0.9186918334960937,2.4038746610846875
1758644866.952855,herder,1,1.71274462890625,0.26456045532226563,-2.8673541729711016
1758644866.952855,herder,2,1.3942308349609376,-1.3395496826171875,1.5338162045302743
1758644866.952855,target,1,-0.35575592041015625,1.057749267578125,-0.6883154221777542
1758644866.952855,target,2,0.11036792755126953,0.2300347595214844,2.707172756569997
1758644866.952855,target,3,-0.11329438781738281,0.2980535888671875,-1.4572975942998452
1758644866.952855,target,4,1.2999927978515624,0.3197651062011719,-1.478958548184059
1758644866.952855,target,5,1.0370748291015626,-0.9187171020507813,2.4044152827859735
1758644866.97283,herder,1,1.712744873046875,0.2645478820800781,-2.8676750838824563
1758644866.97283,herder,2,1.39422900390625,-1.3395936279296874,1.5335538831629014
1758644866.97283,target,1,-0.3557587585449219,1.0577618408203124,-0.688533601650059
1758644866.97283,target,2,0.11034512329101563,0.2300118408203125,2.7063879229967505
1758644866.97283,target,3,-0.11326913452148438,0.29805166625976565,-1.4572716284792169
1758644866.97283,target,4,1.3000552978515625,0.31976431274414063,-1.4778831637358851
1758644866.97283,target,5,1.0370562744140626,-0.91871630859375,2.4036339113221445
1758644866.9927475,herder,1,1.7127218017578125,0.2645610961914063,-2.867296915007665
1758644866.9927475,herder,2,1.3942303466796875,-1.339585205078125,1.5337232602082305
1758644866.9927475,target,1,-0.3557625427246094,1.05777001953125,-0.6884998460832422
1758644866.9927475,target,2,0.11034517669677735,0.230015380859375,2.706746917111693
1758644866.9927475,target,3,-0.11328229522705079,0.298056640625,-1.4568461884950767
1758644866.9927475,target,4,1.3000341796875,0.31976278686523435,-1.4790440356550507
1758644866.9927475,target,5,1.0370670166015625,-0.9187413330078125,2.403216593979329
1758644867.0127668,herder,1,1.71274951171875,0.26456317138671875,-2.8669131534945844
1758644867.0127668,herder,2,1.39422705078125,-1.3395841064453125,1.534108353301856
1758644867.0127668,target,1,-0.35575970458984374,1.057760986328125,-0.6884167554572318
1758644867.0127668,target,2,0.11034090423583984,0.2300688171386719,2.705563142007153
1758644867.0127668,target,3,-0.11330225372314454,0.29806414794921876,-1.4564561685534345
1758644867.0127668,target,4,1.3001988525390624,0.31971661376953125,-1.4788444317313492
1758644867.0127668,target,5,1.037082763671875,-0.9187339477539063,2.403153743377603
1758644867.032778,herder,1,1.71277783203125,0.2645552978515625,-2.8672726802417454
1758644867.032778,herder,2,1.39423583984375,-1.3395615234375,1.5333890334914255
1758644867.032778,target,1,-0.3557689208984375,1.0577652587890625,-0.6885285416439878
1758644867.032778,target,2,0.11034034729003907,0.2300304718017578,2.705344230165548
1758644867.032778,target,3,-0.11331922912597656,0.29806454467773436,-1.4561644192560164
1758644867.032778,target,4,1.3001990966796875,0.319736083984375,-1.4788778544030297
1758644867.032778,target,5,1.037091796875,-0.9187030029296875,2.404860297004126
1758644867.0527847,herder,1,1.71274853515625,0.2645590515136719,-2.867270017080655
1758644867.0527847,herder,2,1.3942086181640625,-1.339553955078125,1.5331915600965962
1758644867.0527847,target,1,-0.35576797485351563,1.0577508544921874,-0.6880866566401165
1758644867.0527847,target,2,0.11034506225585937,0.23005691528320313,2.706209757519824
1758644867.0527847,target,3,-0.11327715301513672,0.29805084228515627,-1.4566144934802399
1758644867.0527847,target,4,1.3002576904296874,0.3197061767578125,-1.4779512075017367
1758644867.0527847,target,5,1.0370706787109376,-0.9187431030273437,2.4028661219798746
1758644867.072781,herder,1,1.7127373046875,0.2645684509277344,-2.8674724173235013
1758644867.072781,herder,2,1.3942220458984376,-1.3395628662109376,1.533962811548283
1758644867.072781,target,1,-0.355771484375,1.0577786865234375,-0.6885204190026631
1758644867.072781,target,2,0.11034029388427734,0.2300223693847656,2.7063975103766746
1758644867.072781,target,3,-0.11328026580810546,0.2980428466796875,-1.4566516445774464
1758644867.072781,target,4,1.300229248046875,0.31971893310546873,-1.4777361572437127
1758644867.072781,target,5,1.0370740966796874,-0.9187389526367188,2.4038988958506073
1758644867.0927348,herder,1,1.7127861328125,0.26456155395507813,-2.867430605694387
1758644867.0927348,herder,2,1.3942294921875,-1.339541748046875,1.5336114074424472
1758644867.0927348,target,1,-0.35572970581054686,1.0577716064453124,-0.6878842563972705
1758644867.0927348,target,2,0.11033814239501953,0.23000660705566406,2.705667804237993
1758644867.0927348,target,3,-0.11330017852783203,0.29805242919921876,-1.4564247432525717
1758644867.0927348,target,4,1.3001109619140625,0.31975747680664063,-1.4783313737473454
1758644867.0927348,target,5,1.037133544921875,-0.9187191772460938,2.4042142141236726
1758644867.1127589,herder,1,1.7127640380859375,0.2645389099121094,-2.8673033065942812
1758644867.1127589,herder,2,1.3942275390625,-1.339566650390625,1.5334492209320614
1758644867.1127589,target,1,-0.3557130126953125,1.05776953125,-0.6880459768544654
1758644867.1127589,target,2,0.11035089874267578,0.23001119995117186,2.7064292019936467
1758644867.1127589,target,3,-0.11331619262695312,0.29807171630859375,-1.4558585552048209
1758644867.1127589,target,4,1.300345458984375,0.3196868896484375,-1.4785954261694267
1758644867.1127589,target,5,1.0371265869140625,-0.918734619140625,2.4034288479182084
1758644867.1327286,herder,1,1.7127178955078124,0.2645550231933594,-2.8674830699678613
1758644867.1327286,herder,2,1.3942440185546876,-1.3395731201171874,1.5338313845484877
1758644867.1327286,target,1,-0.35574807739257813,1.0577481689453125,-0.6881777367493972
1758644867.1327286,target,2,0.11035161590576172,0.23001426696777344,2.7068704877862726
1758644867.1327286,target,3,-0.11326632690429687,0.29804156494140627,-1.456623281911837
1758644867.1327286,target,4,1.3000948486328125,0.31976010131835936,-1.479632594255958
1758644867.1327286,target,5,1.0370897216796875,-0.91869580078125,2.403688239808382
1758644867.1528337,herder,1,1.712724365234375,0.26457830810546873,-2.866833524977991
1758644867.1528337,herder,2,1.394209716796875,-1.339580078125,1.5336441643238552
1758644867.1528337,target,1,-0.3557462768554687,1.0577633056640625,-0.687921673810586
1758644867.1528337,target,2,0.11033955383300781,0.23001779174804687,2.7067274760357356
1758644867.1528337,target,3,-0.1132733154296875,0.2980281982421875,-1.456573347641398
1758644867.1528337,target,4,1.300036376953125,0.3197508544921875,-1.4797728096873508
1758644867.1528337,target,5,1.037085205078125,-0.9187293090820312,2.4034307121309713
1758644867.1729128,herder,1,1.7127525634765626,0.26458203125,-2.86726602233902
1758644867.1729128,herder,2,1.3942125244140624,-1.3395364990234375,1.533587305834582
1758644867.1729128,target,1,-0.35577069091796876,1.05776318359375,-0.6883420537886551
1758644867.1729128,target,2,0.11034048461914063,0.23001673889160157,2.706346377683745
1758644867.1729128,target,3,-0.11329042053222656,0.2980486755371094,-1.4561247381557743
1758644867.1729128,target,4,1.30005908203125,0.31975640869140626,-1.4798556339972524
1758644867.1729128,target,5,1.0371051025390625,-0.9187095947265626,2.4038027557352555
1758644867.1927826,herder,1,1.7127498779296875,0.2645698547363281,-2.867265756022911
1758644867.1927826,herder,2,1.3942156982421876,-1.3395748291015626,1.533419260369798
1758644867.1927826,target,1,-0.35576605224609376,1.0577459716796875,-0.6879534320065852
1758644867.1927826,target,2,0.11034841918945312,0.23005813598632813,2.705648363162035
1758644867.1927826,target,3,-0.11330529022216797,0.29804541015625,-1.4560146164446994
1758644867.1927826,target,4,1.300138427734375,0.3197093505859375,-1.4781594666989808
1758644867.1927826,target,5,1.037120361328125,-0.918716796875,2.4029497452381032
1758644867.2127795,herder,1,1.7127498779296875,0.2645698547363281,-2.867265756022911
1758644867.2127795,herder,2,1.3942156982421876,-1.3395748291015626,1.533419260369798
1758644867.2127795,target,1,-0.35576605224609376,1.0577459716796875,-0.6879534320065852
1758644867.2127795,target,2,0.11034841918945312,0.23005813598632813,2.705648363162035
1758644867.2127795,target,3,-0.11330529022216797,0.29804541015625,-1.4560146164446994
1758644867.2127795,target,4,1.300138427734375,0.3197093505859375,-1.4781594666989808
1758644867.2127795,target,5,1.037120361328125,-0.918716796875,2.4029497452381032
1758644867.2327404,herder,1,1.7127447509765625,0.2645458374023438,-2.8674276762171877
1758644867.2327404,herder,2,1.39423828125,-1.3395675048828124,1.53345627830895
1758644867.2327404,target,1,-0.3557264404296875,1.0577572021484376,-0.6878244684307981
1758644867.2327404,target,2,0.11034561157226562,0.2300310516357422,2.7064337293675
1758644867.2327404,target,3,-0.11331576538085937,0.2980539855957031,-1.4565148912554708
1758644867.2327404,target,4,1.3002296142578125,0.31969680786132815,-1.4781026082097077
1758644867.2327404,target,5,1.037150390625,-0.91870166015625,2.4042488352178437
1758644867.2528577,herder,1,1.712736083984375,0.26453762817382814,-2.8672543044302237
1758644867.2528577,herder,2,1.3942310791015624,-1.339559326171875,1.5336352427342035
1758644867.2528577,target,1,-0.355738525390625,1.057771484375,-0.6878597553152417
1758644867.2528577,target,2,0.11035608673095704,0.23001118469238283,2.7060763331492113
1758644867.2528577,target,3,-0.11331900024414063,0.2980679626464844,-1.4565778750152512
1758644867.2528577,target,4,1.3002969970703124,0.31970639038085935,-1.4776364218608893
1758644867.2528577,target,5,1.037123291015625,-0.9187129516601562,2.4036048828662624
1758644867.2729344,herder,1,1.71276904296875,0.2645585021972656,-2.86682846497192
1758644867.2729344,herder,2,1.394239501953125,-1.3395792236328126,1.5335895695215085
1758644867.2729344,target,1,-0.3557340087890625,1.05775634765625,-0.6884617628796541
1758644867.2729344,target,2,0.1103538818359375,0.23003022766113282,2.7064643557200356
1758644867.2729344,target,3,-0.1133229751586914,0.298073974609375,-1.4561572287210731
1758644867.2729344,target,4,1.3002286376953125,0.319701904296875,-1.4783417600755968
1758644867.2729344,target,5,1.03715283203125,-0.9186973266601562,2.4044778670715905
1758644867.2928634,herder,1,1.71276904296875,0.2645585021972656,-2.86682846497192
1758644867.2928634,herder,2,1.394239501953125,-1.3395792236328126,1.5335895695215085
1758644867.2928634,target,1,-0.3557340087890625,1.05775634765625,-0.6884617628796541
1758644867.2928634,target,2,0.1103538818359375,0.23003022766113282,2.7064643557200356
1758644867.2928634,target,3,-0.1133229751586914,0.298073974609375,-1.4561572287210731
1758644867.2928634,target,4,1.3002286376953125,0.319701904296875,-1.4783417600755968
1758644867.2928634,target,5,1.03715283203125,-0.9186973266601562,2.4044778670715905
1758644867.3127797,herder,1,1.7127652587890625,0.2645610961914063,-2.867131000071753
1758644867.3127797,herder,2,1.394178466796875,-1.3395416259765625,1.5333750518957028
1758644867.3127797,target,1,-0.35576290893554685,1.0577655029296875,-0.688332532987758
1758644867.3127797,target,2,0.1103387222290039,0.230051513671875,2.7051769836490913
1758644867.3127797,target,3,-0.11333203125,0.29806036376953127,-1.4562914520400132
1758644867.3127797,target,4,1.3001251220703125,0.31974398803710935,-1.4783111337230608
1758644867.3127797,target,5,1.0371405029296874,-0.9187100219726563,2.4034477563619476
1758644867.332772,herder,1,1.7127728271484375,0.26454034423828127,-2.8671901222479526
1758644867.332772,herder,2,1.3942244873046874,-1.3395701904296875,1.5333437597528943
1758644867.332772,target,1,-0.3557676086425781,1.057767822265625,-0.6883652232901387
1758644867.332772,target,2,0.11035070037841797,0.23005636596679688,2.705241432147471
1758644867.332772,target,3,-0.11333343505859375,0.2980613708496094,-1.4558795941774325
1758644867.332772,target,4,1.3001171875,0.31972100830078126,-1.4782208525621072
1758644867.332772,target,5,1.0371448974609374,-0.9186889038085938,2.4045468429438235
1758644867.3528168,herder,1,1.712748046875,0.26457034301757815,-2.8674162246245003
1758644867.3528168,herder,2,1.3942490234375,-1.33955859375,1.533684777530479
1758644867.3528168,target,1,-0.3557602844238281,1.0577684326171874,-0.6885582358901422
1758644867.3528168,target,2,0.11035479736328126,0.23003164672851562,2.705647564213708
1758644867.3528168,target,3,-0.11327897644042968,0.2980458984375,-1.4571571125523435
1758644867.3528168,target,4,1.30011767578125,0.319744384765625,-1.4798947824652764
1758644867.3528168,target,5,1.0371055908203124,-0.9186546020507812,2.4037636072672313
1758644867.3727868,herder,1,1.7127388916015625,0.264558837890625,-2.8670809326432596
1758644867.3727868,herder,2,1.39421240234375,-1.3395650634765626,1.5336765217310997
1758644867.3727868,target,1,-0.3557694396972656,1.0577559814453126,-0.6882945829422243
1758644867.3727868,target,2,0.11034358215332031,0.23001815795898437,2.706104030024548
1758644867.3727868,target,3,-0.11324497985839843,0.298036865234375,-1.4571288830447886
1758644867.3727868,target,4,1.30012255859375,0.3197411193847656,-1.4788271211842636
1758644867.3727868,target,5,1.037098388671875,-0.9186725463867188,2.404958035016132
1758644867.3927894,herder,1,1.7127086181640625,0.26453704833984376,-2.8675144952687246
1758644867.3927894,herder,2,1.39420751953125,-1.3395823974609375,1.533804752937587
1758644867.3927894,target,1,-0.3557685241699219,1.05774951171875,-0.6883048361124212
1758644867.3927894,target,2,0.11035879516601563,0.23004006958007814,2.7067671571359777
1758644867.3927894,target,3,-0.1132881851196289,0.2980531005859375,-1.4564001090124885
1758644867.3927894,target,4,1.300265625,0.319685791015625,-1.4776338918578538
1758644867.3927894,target,5,1.0370958251953124,-0.9186787719726562,2.402759062904053
1758644867.4127967,herder,1,1.71273046875,0.2645592346191406,-2.867122477956265
1758644867.4127967,herder,2,1.3941873779296876,-1.3395885009765625,1.5335018183635905
1758644867.4127967,target,1,-0.3557640686035156,1.0577525634765625,-0.6882938505729246
1758644867.4127967,target,2,0.11036367797851562,0.23001461791992187,2.706486726273192
1758644867.4127967,target,3,-0.11327440643310546,0.29803707885742187,-1.4567997163340547
1758644867.4127967,target,4,1.3001416015625,0.3197215270996094,-1.4778353599943181
1758644867.4127967,target,5,1.037091064453125,-0.9187203369140625,2.4031987508000254
1758644867.432771,herder,1,1.7127525634765626,0.264587158203125,-2.8671823990807916
1758644867.432771,herder,2,1.39423681640625,-1.3395443115234376,1.5334942283544837
1758644867.432771,target,1,-0.35576663208007814,1.057763427734375,-0.6882523052599194
1758644867.432771,target,2,0.11036315155029297,0.23000839233398437,2.706416951452632
1758644867.432771,target,3,-0.1132932357788086,0.2980224304199219,-1.457189469959588
1758644867.432771,target,4,1.300130615234375,0.3197050170898437,-1.4797021027604091
1758644867.432771,target,5,1.037111083984375,-0.9187147827148437,2.403485573249427
1758644867.4527912,herder,1,1.7127906494140626,0.26457293701171875,-2.8669802651540546
1758644867.4527912,herder,2,1.3941956787109375,-1.339546875,1.5336413680047105
1758644867.4527912,target,1,-0.35577197265625,1.057767822265625,-0.6885538416743436
1758644867.4527912,target,2,0.11035395812988281,0.2300099334716797,2.707014032169028
1758644867.4527912,target,3,-0.1133156509399414,0.29802276611328127,-1.4571307472575517
1758644867.4527912,target,4,1.3001142578125,0.3197430419921875,-1.4780900913525843
1758644867.4527912,target,5,1.037113037109375,-0.9187061767578125,2.4029247115238563
1758644867.472833,herder,1,1.712748291015625,0.26456060791015623,-2.8671704148558863
1758644867.472833,herder,2,1.3942218017578125,-1.3395487060546876,1.5337180670441048
1758644867.472833,target,1,-0.3557615356445312,1.0577689208984375,-0.6882626915881707
1758644867.472833,target,2,0.11035862731933593,0.2300041961669922,2.706833469847121
1758644867.472833,target,3,-0.11330958557128906,0.29803402709960936,-1.456467353830013
1758644867.472833,target,4,1.3000899658203124,0.3197364501953125,-1.4781229813920467
1758644867.472833,target,5,1.037105224609375,-0.91869873046875,2.403795565200312
1758644867.4927592,herder,1,1.712748291015625,0.26456060791015623,-2.8671704148558863
1758644867.4927592,herder,2,1.3942218017578125,-1.3395487060546876,1.5337180670441048
1758644867.4927592,target,1,-0.3557615356445312,1.0577689208984375,-0.6882626915881707
1758644867.4927592,target,2,0.11035862731933593,0.2300041961669922,2.706833469847121
1758644867.4927592,target,3,-0.11330958557128906,0.29803402709960936,-1.456467353830013
1758644867.4927592,target,4,1.3000899658203124,0.3197364501953125,-1.4781229813920467
1758644867.4927592,target,5,1.037105224609375,-0.91869873046875,2.403795565200312
1758644867.512769,herder,1,1.712748291015625,0.26456060791015623,-2.8671704148558863
1758644867.512769,herder,2,1.3942218017578125,-1.3395487060546876,1.5337180670441048
1758644867.512769,target,1,-0.3557615356445312,1.0577689208984375,-0.6882626915881707
1758644867.512769,target,2,0.11035862731933593,0.2300041961669922,2.706833469847121
1758644867.512769,target,3,-0.11330958557128906,0.29803402709960936,-1.456467353830013
1758644867.512769,target,4,1.3000899658203124,0.3197364501953125,-1.4781229813920467
1758644867.512769,target,5,1.037105224609375,-0.91869873046875,2.403795565200312
1758644867.5327518,herder,1,1.712748291015625,0.26456060791015623,-2.8671704148558863
1758644867.5327518,herder,2,1.3942218017578125,-1.3395487060546876,1.5337180670441048
1758644867.5327518,target,1,-0.3557615356445312,1.0577689208984375,-0.6882626915881707
1758644867.5327518,target,2,0.11035862731933593,0.2300041961669922,2.706833469847121
1758644867.5327518,target,3,-0.11330958557128906,0.29803402709960936,-1.456467353830013
1758644867.5327518,target,4,1.3000899658203124,0.3197364501953125,-1.4781229813920467
1758644867.5327518,target,5,1.037105224609375,-0.91869873046875,2.403795565200312
1758644867.5528886,herder,1,1.712748291015625,0.26456060791015623,-2.8671704148558863
1758644867.5528886,herder,2,1.3942218017578125,-1.3395487060546876,1.5337180670441048
1758644867.5528886,target,1,-0.3557615356445312,1.0577689208984375,-0.6882626915881707
1758644867.5528886,target,2,0.11035862731933593,0.2300041961669922,2.706833469847121
1758644867.5528886,target,3,-0.11330958557128906,0.29803402709960936,-1.456467353830013
1758644867.5528886,target,4,1.3000899658203124,0.3197364501953125,-1.4781229813920467
1758644867.5528886,target,5,1.037105224609375,-0.91869873046875,2.403795565200312
1758644867.5727525,herder,1,1.712748291015625,0.26456060791015623,-2.8671704148558863
1758644867.5727525,herder,2,1.3942218017578125,-1.3395487060546876,1.5337180670441048
1758644867.5727525,target,1,-0.3557615356445312,1.0577689208984375,-0.6882626915881707
1758644867.5727525,target,2,0.11035862731933593,0.2300041961669922,2.706833469847121
1758644867.5727525,target,3,-0.11330958557128906,0.29803402709960936,-1.456467353830013
1758644867.5727525,target,4,1.3000899658203124,0.3197364501953125,-1.4781229813920467
1758644867.5727525,target,5,1.037105224609375,-0.91869873046875,2.403795565200312
1758644867.5927796,herder,1,1.712748291015625,0.26456060791015623,-2.8671704148558863
1758644867.5927796,herder,2,1.3942218017578125,-1.3395487060546876,1.5337180670441048
1758644867.5927796,target,1,-0.3557615356445312,1.0577689208984375,-0.6882626915881707
1758644867.5927796,target,2,0.11035862731933593,0.2300041961669922,2.706833469847121
1758644867.5927796,target,3,-0.11330958557128906,0.29803402709960936,-1.456467353830013
1758644867.5927796,target,4,1.3000899658203124,0.3197364501953125,-1.4781229813920467
1758644867.5927796,target,5,1.037105224609375,-0.91869873046875,2.403795565200312
1758644867.6127765,herder,1,1.712748291015625,0.26456060791015623,-2.8671704148558863
1758644867.6127765,herder,2,1.3942218017578125,-1.3395487060546876,1.5337180670441048
1758644867.6127765,target,1,-0.3557615356445312,1.0577689208984375,-0.6882626915881707
1758644867.6127765,target,2,0.11035862731933593,0.2300041961669922,2.706833469847121
1758644867.6127765,target,3,-0.11330958557128906,0.29803402709960936,-1.456467353830013
1758644867.6127765,target,4,1.3000899658203124,0.3197364501953125,-1.4781229813920467
1758644867.6127765,target,5,1.037105224609375,-0.91869873046875,2.403795565200312
1758644867.6328664,herder,1,1.712748291015625,0.26456060791015623,-2.8671704148558863
1758644867.6328664,herder,2,1.3942218017578125,-1.3395487060546876,1.5337180670441048
1758644867.6328664,target,1,-0.3557615356445312,1.0577689208984375,-0.6882626915881707
1758644867.6328664,target,2,0.11035862731933593,0.2300041961669922,2.706833469847121
1758644867.6328664,target,3,-0.11330958557128906,0.29803402709960936,-1.456467353830013
1758644867.6328664,target,4,1.3000899658203124,0.3197364501953125,-1.4781229813920467
1758644867.6328664,target,5,1.037105224609375,-0.91869873046875,2.403795565200312
1758644867.652821,herder,1,1.712748291015625,0.26456060791015623,-2.8671704148558863
1758644867.652821,herder,2,1.3942218017578125,-1.3395487060546876,1.5337180670441048
1758644867.652821,target,1,-0.3557615356445312,1.0577689208984375,-0.6882626915881707
1758644867.652821,target,2,0.11035862731933593,0.2300041961669922,2.706833469847121
1758644867.652821,target,3,-0.11330958557128906,0.29803402709960936,-1.456467353830013
1758644867.652821,target,4,1.3000899658203124,0.3197364501953125,-1.4781229813920467
1758644867.652821,target,5,1.037105224609375,-0.91869873046875,2.403795565200312
1758644867.6728406,herder,1,1.712748291015625,0.26456060791015623,-2.8671704148558863
1758644867.6728406,herder,2,1.3942218017578125,-1.3395487060546876,1.5337180670441048
1758644867.6728406,target,1,-0.3557615356445312,1.0577689208984375,-0.6882626915881707
1758644867.6728406,target,2,0.11035862731933593,0.2300041961669922,2.706833469847121
1758644867.6728406,target,3,-0.11330958557128906,0.29803402709960936,-1.456467353830013
1758644867.6728406,target,4,1.3000899658203124,0.3197364501953125,-1.4781229813920467
1758644867.6728406,target,5,1.037105224609375,-0.91869873046875,2.403795565200312
1758644867.6935441,herder,1,1.7127694091796875,0.2645863952636719,-2.8671195484790655
1758644867.6935441,herder,2,1.3942294921875,-1.3395765380859375,1.5338255255940896
1758644867.6935441,target,1,-0.3557725830078125,1.0577408447265626,-0.6883535719603696
1758644867.6935441,target,2,0.11035311889648437,0.23001553344726564,2.7067367970995506
1758644867.6935441,target,3,-0.11327794647216796,0.2980633239746094,-1.4566043734680976
1758644867.6935441,target,4,1.30008154296875,0.3197219543457031,-1.4790275240562922
1758644867.6935441,target,5,1.0371131591796876,-0.9187188110351563,2.403293825650941
1758644867.7128036,herder,1,1.7127923583984375,0.26458425903320315,-2.867061225251193
1758644867.7128036,herder,2,1.3942115478515624,-1.33954541015625,1.5335476247343398
1758644867.7128036,target,1,-0.35573516845703124,1.0577645263671875,-0.6879184780172779
1758644867.7128036,target,2,0.11037068176269531,0.2300222930908203,2.7061306616354486
1758644867.7128036,target,3,-0.11330433654785156,0.2980587158203125,-1.4566252792826546
1758644867.7128036,target,4,1.3002696533203124,0.3197011413574219,-1.477698207198179
1758644867.7128036,target,5,1.0371031494140626,-0.9187332763671875,2.4021851516891415
1758644867.732782,herder,1,1.712745361328125,0.264567626953125,-2.867464427840231
1758644867.732782,herder,2,1.3942432861328125,-1.3395830078125,1.5337103438769437
1758644867.732782,target,1,-0.35574542236328127,1.05775,-0.6880444455368386
1758644867.732782,target,2,0.11036104583740235,0.23002088928222655,2.7065304021150696
1758644867.732782,target,3,-0.11329544830322266,0.2980638122558594,-1.4560460417455623
1758644867.732782,target,4,1.3001566162109375,0.3197141418457031,-1.4789684018800924
1758644867.732782,target,5,1.037111083984375,-0.9186810302734375,2.403460006902962
1758644867.7528303,herder,1,1.7127740478515625,0.264557861328125,-2.867345650855613
1758644867.7528303,herder,2,1.394210693359375,-1.33954443359375,1.5337845129133023
1758644867.7528303,target,1,-0.35569589233398435,1.057745361328125,-0.6875725333916767
1758644867.7528303,target,2,0.1103656234741211,0.230004638671875,2.70687661305678
1758644867.7528303,target,3,-0.11326937866210937,0.2980301513671875,-1.4570347403002544
1758644867.7528303,target,4,1.300076171875,0.31975277709960936,-1.4791761284451186
1758644867.7528303,target,5,1.03704052734375,-0.9186119384765625,2.4030331021802227
1758644867.7729082,herder,1,1.7127274169921876,0.26454629516601563,-2.8673816035303297
1758644867.7729082,herder,2,1.394223388671875,-1.3395938720703124,1.5335917000503807
1758644867.7729082,target,1,-0.3557337951660156,1.057752685546875,-0.6878991035203477
1758644867.7729082,target,2,0.110343505859375,0.2300423126220703,2.7053285175151167
1758644867.7729082,target,3,-0.11326673889160156,0.29805426025390624,-1.4567093020150466
1758644867.7729082,target,4,1.3001217041015625,0.3197303161621094,-1.4786837099595629
1758644867.7729082,target,5,1.0371065673828126,-0.9187435302734375,2.4029468157609037
1758644867.7927463,herder,1,1.71275,0.26456857299804687,-2.867019413622079
1758644867.7927463,herder,2,1.3942139892578125,-1.3395899658203125,1.5335972926886698
1758644867.7927463,target,1,-0.3557439270019531,1.0577421875,-0.688483933695729
1758644867.7927463,target,2,0.11034532165527344,0.2300265350341797,2.7060478373255474
1758644867.7927463,target,3,-0.11325128173828125,0.29805230712890624,-1.4572359421206098
1758644867.7927463,target,4,1.3001363525390626,0.31969192504882815,-1.4775990044475737
1758644867.7927463,target,5,1.037099365234375,-0.9186665649414063,2.4040501634005236
1758644867.8127575,herder,1,1.7127802734375,0.26456082153320315,-2.867028468369785
1758644867.8127575,herder,2,1.3942183837890625,-1.3395672607421876,1.5337148712507969
1758644867.8127575,target,1,-0.355750244140625,1.0577508544921874,-0.6883913222688215
1758644867.8127575,target,2,0.11035418701171874,0.23002818298339844,2.705537575660688
1758644867.8127575,target,3,-0.11325646209716797,0.29804412841796873,-1.4571769531024645
1758644867.8127575,target,4,1.3001634521484375,0.3196921997070313,-1.4777903525718958
1758644867.8127575,target,5,1.037101318359375,-0.9186904296875,2.4029731810556956
1758644867.8327022,herder,1,1.7127608642578125,0.2645655517578125,-2.8670108915065904
1758644867.8327022,herder,2,1.3942066650390625,-1.3395360107421874,1.533438035655483
1758644867.8327022,target,1,-0.3557716064453125,1.057756103515625,-0.6881531690883411
1758644867.8327022,target,2,0.11036943054199219,0.2300414581298828,2.7057136106087425
1758644867.8327022,target,3,-0.11324076843261718,0.2980415954589844,-1.4570640350722452
1758644867.8327022,target,4,1.300197265625,0.3197210693359375,-1.4788982275853688
1758644867.8327022,target,5,1.037109375,-0.9186878662109375,2.403950827491864
1758644867.8528056,herder,1,1.7127481689453126,0.2645740966796875,-2.8671813338163554
1758644867.8528056,herder,2,1.3942333984375,-1.3395621337890624,1.5338751935484196
1758644867.8528056,target,1,-0.35577261352539064,1.057771728515625,-0.6884359967961076
1758644867.8528056,target,2,0.11034549713134766,0.23004151916503907,2.7063301324010958
1758644867.8528056,target,3,-0.11323685455322266,0.2980399169921875,-1.4573394059289593
1758644867.8528056,target,4,1.300132080078125,0.3197391357421875,-1.4781932888448248
1758644867.8528056,target,5,1.037106689453125,-0.9187216186523437,2.4034645342768153
1758644867.8729706,herder,1,1.7127098388671875,0.26458251953125,-2.86707534000497
1758644867.8729706,herder,2,1.3942340087890626,-1.3395936279296874,1.533518329962349
1758644867.8729706,target,1,-0.35576580810546876,1.0577406005859376,-0.6882692163328413
1758644867.8729706,target,2,0.11036607360839844,0.23005374145507812,2.7065996443034117
1758644867.8729706,target,3,-0.11326781463623047,0.29804373168945314,-1.4564194169303915
1758644867.8729706,target,4,1.30009912109375,0.31971929931640625,-1.477910860611222
1758644867.8729706,target,5,1.0371044921875,-0.9187387084960937,2.403083169608716
1758644867.8927946,herder,1,1.7127156982421874,0.2645534362792969,-2.867624217505636
1758644867.8927946,herder,2,1.3942274169921876,-1.33958203125,1.5336749238344456
1758644867.8927946,target,1,-0.35576165771484375,1.0577625732421876,-0.6886101675313988
1758644867.8927946,target,2,0.11036493682861329,0.2300216522216797,2.70661349274108
1758644867.8927946,target,3,-0.11329766082763672,0.29804840087890627,-1.4569692265374383
1758644867.8927946,target,4,1.300255615234375,0.3196916198730469,-1.4778693152982167
1758644867.8927946,target,5,1.0371173095703126,-0.9187032470703125,2.4027665197551054
1758644867.9127603,herder,1,1.712757568359375,0.2645390319824219,-2.867120081111284
1758644867.9127603,herder,2,1.3942276611328126,-1.3395755615234375,1.5337653381534537
1758644867.9127603,target,1,-0.35578103637695313,1.0577672119140624,-0.6883788054116982
1758644867.9127603,target,2,0.11035140228271484,0.23000434875488282,2.706302435525759
1758644867.9127603,target,3,-0.11331687927246094,0.2980525207519531,-1.4566959862095963
1758644867.9127603,target,4,1.3001556396484375,0.31974191284179687,-1.4796424479519914
1758644867.9127603,target,5,1.037125732421875,-0.91869189453125,2.4032344371586323
1758644867.9328632,herder,1,1.7127412109375,0.26456207275390625,-2.8670359252208373
1758644867.9328632,herder,2,1.39421484375,-1.3395560302734375,1.5336138042874283
1758644867.9328632,target,1,-0.35574859619140625,1.0577496337890624,-0.688406768603144
1758644867.9328632,target,2,0.11035308837890626,0.2300414276123047,2.705105344615768
1758644867.9328632,target,3,-0.11327013397216797,0.29803515625,-1.4566773440819656
1758644867.9328632,target,4,1.300155029296875,0.3197236328125,-1.4790305866915459
1758644867.9328632,target,5,1.0370888671875,-0.91872412109375,2.403432043711516
1758644867.9528358,herder,1,1.7127598876953125,0.2645819396972656,-2.8671493758832747
1758644867.9528358,herder,2,1.3942392578125,-1.3395550537109375,1.5335520189501384
1758644867.9528358,target,1,-0.3557616882324219,1.0577537841796876,-0.6884923226531627
1758644867.9528358,target,2,0.1103541488647461,0.2300450439453125,2.705840909708848
1758644867.9528358,target,3,-0.11326778411865235,0.2980472412109375,-1.4566073029452966
1758644867.9528358,target,4,1.30009423828125,0.31973175048828123,-1.4783261805832197
1758644867.9528358,target,5,1.0370728759765624,-0.9187063598632812,2.404391048020054
1758644867.972872,herder,1,1.7127747802734374,0.26456570434570315,-2.867195981202351
1758644867.972872,herder,2,1.3942315673828125,-1.3395560302734375,1.5336212611384805
1758644867.972872,target,1,-0.35575448608398436,1.0577431640625,-0.6884318688964179
1758644867.972872,target,2,0.11037490844726562,0.23005113220214843,2.7057186706148135
1758644867.972872,target,3,-0.11328902435302735,0.2980562744140625,-1.4562400530309747
1758644867.972872,target,4,1.30019482421875,0.3197270812988281,-1.4783028779236815
1758644867.972872,target,5,1.0370677490234375,-0.9187294921875,2.4035417659484275
1758644867.992783,herder,1,1.7127459716796876,0.26456356811523435,-2.867468422581866
1758644867.992783,herder,2,1.3942391357421875,-1.3395638427734375,1.5336598769742866
1758644867.992783,target,1,-0.3557727355957031,1.0577615966796876,-0.6882148212675765
1758644867.992783,target,2,0.11036601257324219,0.23002015686035157,2.705733584316918
1758644867.992783,target,3,-0.11329547882080078,0.2980502624511719,-1.4563581642253196
1758644867.992783,target,4,1.300098388671875,0.3197452087402344,-1.4779719801582392
1758644867.992783,target,5,1.037077392578125,-0.918702880859375,2.4036349765865803
1758644868.0127637,herder,1,1.712748291015625,0.2645675048828125,-2.8672140906977637
1758644868.0127637,herder,2,1.3942147216796874,-1.339603759765625,1.5336449632721822
1758644868.0127637,target,1,-0.3557589416503906,1.057771728515625,-0.6880224078788183
1758644868.0127637,target,2,0.1103651351928711,0.23002151489257813,2.7062294649118908
1758644868.0127637,target,3,-0.11331958770751953,0.2980597229003906,-1.455776663001301
1758644868.0127637,target,4,1.3000831298828126,0.3197291259765625,-1.4781003445227812
1758644868.0127637,target,5,1.0370816650390624,-0.9187029418945313,2.403144688629897
1758644868.0328374,herder,1,1.71272900390625,0.26455624389648436,-2.867034327324183
1758644868.0328374,herder,2,1.394208251953125,-1.339592041015625,1.5335215257556571
1758644868.0328374,target,1,-0.355770263671875,1.057760986328125,-0.6882183499560208
1758644868.0328374,target,2,0.11037677001953125,0.2300278015136719,2.706837730904865
1758644868.0328374,target,3,-0.11334564208984375,0.2980538940429687,-1.4558885157670842
1758644868.0328374,target,4,1.3000587158203125,0.3197294006347656,-1.4786751878440747
1758644868.0328374,target,5,1.037103759765625,-0.9187135620117187,2.403487703778299
1758644868.052907,herder,1,1.712748291015625,0.2645625,-2.8673144918708595
1758644868.052907,herder,2,1.3942105712890625,-1.3395831298828125,1.5335562800078826
1758644868.052907,target,1,-0.3557701110839844,1.0577705078125,-0.6883636253934847
1758644868.052907,target,2,0.11038677215576172,0.23000823974609375,2.706545848449392
1758644868.052907,target,3,-0.11335336303710937,0.29805630493164065,-1.4555383100837387
1758644868.052907,target,4,1.299995361328125,0.31975115966796874,-1.4790733304270416
1758644868.052907,target,5,1.0371123046875,-0.9187191772460938,2.403515666969745
1758644868.0728498,herder,1,1.7127530517578125,0.2645731201171875,-2.867087856862094
1758644868.0728498,herder,2,1.39422216796875,-1.3395670166015625,1.5339781247245512
1758644868.0728498,target,1,-0.35576776123046877,1.0577576904296875,-0.6885147597853467
1758644868.0728498,target,2,0.11037858581542968,0.22999974060058595,2.706980476339293
1758644868.0728498,target,3,-0.1133064956665039,0.29808438110351565,-1.4564360616872045
1758644868.0728498,target,4,1.3002242431640625,0.3196990966796875,-1.477631095538709
1758644868.0728498,target,5,1.0371300048828125,-0.9187069091796874,2.4033058098758464
1758644868.09278,herder,1,1.7127818603515625,0.26458584594726564,-2.8673557708677557
1758644868.09278,herder,2,1.3942274169921876,-1.3395889892578126,1.5337470954999868
1758644868.09278,target,1,-0.3557722473144531,1.05775390625,-0.6879423798880614
1758644868.09278,target,2,0.1103677749633789,0.2300177307128906,2.706778875044774
1758644868.09278,target,3,-0.11330014038085938,0.2980799560546875,-1.4565986476717538
1758644868.09278,target,4,1.3002181396484376,0.3196845397949219,-1.4796280668821051
1758644868.09278,target,5,1.0371488037109375,-0.9187224731445313,2.4038658726530904
1758644868.1127539,herder,1,1.7127298583984376,0.2645627746582031,-2.8672601633846218
1758644868.1127539,herder,2,1.3942283935546875,-1.339581787109375,1.5335901021537266
1758644868.1127539,target,1,-0.35574945068359376,1.05776806640625,-0.6882796026610927
1758644868.1127539,target,2,0.11035159301757813,0.23000691223144532,2.706799647701277
1758644868.1127539,target,3,-0.11326548004150391,0.2980531921386719,-1.456940064923502
1758644868.1127539,target,4,1.300081298828125,0.31970086669921877,-1.4798910540397503
1758644868.1127539,target,5,1.0371138916015625,-0.918746826171875,2.4018690344677487
1758644868.1327815,herder,1,1.7127630615234375,0.2645346374511719,-2.867234064405939
1758644868.1327815,herder,2,1.3942230224609375,-1.3395626220703125,1.5337284533723563
1758644868.1327815,target,1,-0.3557557067871094,1.057747802734375,-0.6881226093148325
1758644868.1327815,target,2,0.11035742950439453,0.23001890563964844,2.7072481240288457
1758644868.1327815,target,3,-0.11325068664550782,0.2980398864746094,-1.4568322068993538
1758644868.1327815,target,4,1.3001375732421876,0.3197148132324219,-1.4798913203558595
1758644868.1327815,target,5,1.0371505126953124,-0.918702880859375,2.404596644056208
1758644868.1528525,herder,1,1.712755859375,0.2645435791015625,-2.867431138326605
1758644868.1528525,herder,2,1.3942152099609375,-1.3395980224609374,1.5336672006672845
1758644868.1528525,target,1,-0.35578271484375,1.0577547607421875,-0.6883295369315316
1758644868.1528525,target,2,0.11036115264892578,0.23002963256835937,2.7072180303085283
1758644868.1528525,target,3,-0.11327804565429687,0.298047607421875,-1.4565258102159402
1758644868.1528525,target,4,1.3000245361328124,0.31974566650390623,-1.4801658922642464
1758644868.1528525,target,5,1.0371123046875,-0.9187259521484376,2.4031452212621147
1758644868.1728606,herder,1,1.7127303466796875,0.2645579833984375,-2.8672551033785507
1758644868.1728606,herder,2,1.394190673828125,-1.33957177734375,1.5333829082209185
1758644868.1728606,target,1,-0.35577764892578123,1.0577509765625,-0.688198043352709
1758644868.1728606,target,2,0.11036935424804688,0.23007681274414063,2.705639574730438
1758644868.1728606,target,3,-0.11326890563964843,0.29804995727539063,-1.456671884601731
1758644868.1728606,target,4,1.3000689697265626,0.319716552734375,-1.479024594579093
1758644868.1728606,target,5,1.037110107421875,-0.9187410888671875,2.402873578830927
1758644868.1927917,herder,1,1.712734619140625,0.2645865478515625,-2.8675877321987016
1758644868.1927917,herder,2,1.394186279296875,-1.3395635986328125,1.5334110045704188
1758644868.1927917,target,1,-0.35576571655273437,1.0577462158203126,-0.6881419838117628
1758644868.1927917,target,2,0.1103696060180664,0.2300340881347656,2.705408944980037
1758644868.1927917,target,3,-0.11328677368164063,0.2980485534667969,-1.4567854684222228
1758644868.1927917,target,4,1.30012890625,0.31972235107421876,-1.478268123671456
1758644868.1927917,target,5,1.0371212158203125,-0.9187206420898437,2.403260802453424
1758644868.2127497,herder,1,1.712712646484375,0.2645815124511719,-2.8678625704231977
1758644868.2127497,herder,2,1.3942310791015624,-1.3395689697265625,1.5333448250173303
1758644868.2127497,target,1,-0.35577520751953123,1.0577593994140626,-0.6881961125609187
1758644868.2127497,target,2,0.11035403442382813,0.23000654602050782,2.705978328821096
1758644868.2127497,target,3,-0.11328144836425781,0.2980160217285156,-1.4572497905582782
1758644868.2127497,target,4,1.3002545166015624,0.319701416015625,-1.477949476447028
1758644868.2127497,target,5,1.037107177734375,-0.9187113037109375,2.4041002308290174
1758644868.2327373,herder,1,1.7127744140625,0.264563232421875,-2.867194116989588
1758644868.2327373,herder,2,1.394222900390625,-1.3395552978515626,1.5335388363027425
1758644868.2327373,target,1,-0.3557708129882812,1.057766357421875,-0.6884185530909676
1758644868.2327373,target,2,0.11036306762695312,0.23004713439941407,2.705647564213708
1758644868.2327373,target,3,-0.11326349639892579,0.2980403137207031,-1.4565962508267727
1758644868.2327373,target,4,1.3001519775390624,0.3197276916503906,-1.4782950215984658
1758644868.2327373,target,5,1.0370941162109375,-0.9187254028320313,2.4033638667876103
1758644868.252954,herder,1,1.7127713623046874,0.26456341552734375,-2.8669046313790965
1758644868.252954,herder,2,1.3942415771484375,-1.3395831298828125,1.533500087308882
1758644868.252954,target,1,-0.35575332641601565,1.0577620849609375,-0.6882624252720617
1758644868.252954,target,2,0.11036057281494141,0.23004096984863281,2.705541037770105
1758644868.252954,target,3,-0.11328463745117187,0.2980625915527344,-1.4563657542344264
1758644868.252954,target,4,1.3002659912109376,0.31968524169921875,-1.4783075384555893
1758644868.252954,target,5,1.037110595703125,-0.9187132568359375,2.4028709156698365
1758644868.2728786,herder,1,1.7126802978515625,0.26454949951171874,-2.867061225251193
1758644868.2728786,herder,2,1.394217041015625,-1.339574951171875,1.53372472494683
1758644868.2728786,target,1,-0.3557642517089844,1.05775439453125,-0.6882183499560208
1758644868.2728786,target,2,0.11035636138916016,0.23002175903320313,2.705868606584185
1758644868.2728786,target,3,-0.11325852203369141,0.2980404052734375,-1.4565435202371892
1758644868.2728786,target,4,1.3001005859375,0.3197250061035156,-1.4784135322669745
1758644868.2728786,target,5,1.0371365966796875,-0.9186936645507813,2.404498906044202
1758644868.2927668,herder,1,1.712746826171875,0.26455816650390623,-2.8668468407834418
1758644868.2927668,herder,2,1.3942103271484374,-1.33959033203125,1.5338798540803271
1758644868.2927668,target,1,-0.35577041625976563,1.05776171875,-0.6889369373971514
1758644868.2927668,target,2,0.11035772705078126,0.2300186767578125,2.7059277287603845
1758644868.2927668,target,3,-0.11326870727539062,0.2980494079589844,-1.4564331322100055
1758644868.2927668,target,4,1.300103759765625,0.31971591186523435,-1.4797415175445423
1758644868.2927668,target,5,1.037085693359375,-0.9187229614257812,2.403592898641357
1758644868.312765,herder,1,1.71275634765625,0.2645513000488281,-2.866849770260641
1758644868.312765,herder,2,1.394228515625,-1.339578369140625,1.5336355090503124
1758644868.312765,target,1,-0.35576470947265626,1.0577657470703126,-0.6883397235227012
1758644868.312765,target,2,0.11035307312011719,0.23000254821777344,2.706335458723276
1758644868.312765,target,3,-0.11324170684814452,0.29802996826171874,-1.4569709575921468
1758644868.312765,target,4,1.300075927734375,0.3197137451171875,-1.4781247124467554
1758644868.312765,target,5,1.0371370849609376,-0.9186703491210938,2.404250433114498
1758644868.332749,herder,1,1.71276904296875,0.2645728149414063,-2.8673246118830016
1758644868.332749,herder,2,1.3942325439453125,-1.3395859375,1.5338616114268602
1758644868.332749,target,1,-0.3557581481933594,1.0577625732421876,-0.6882197481155932
1758644868.332749,target,2,0.11035581970214844,0.23001214599609374,2.7064904546987183
1758644868.332749,target,3,-0.11328170776367187,0.29803219604492187,-1.456433798000278
1758644868.332749,target,4,1.3000858154296875,0.3197238159179687,-1.478546823479533
1758644868.332749,target,5,1.0371278076171875,-0.9186861572265625,2.4040387118078366
1758644868.3528013,herder,1,1.71273974609375,0.26456536865234376,-2.86729292026603
1758644868.3528013,herder,2,1.394230712890625,-1.3395596923828126,1.5337817165941579
1758644868.3528013,target,1,-0.3557608642578125,1.057765380859375,-0.6883109613829284
1758644868.3528013,target,2,0.11035497283935547,0.22999623107910155,2.7058542255142983
1758644868.3528013,target,3,-0.11330281829833984,0.29804391479492187,-1.4564135579759934
1758644868.3528013,target,4,1.300028076171875,0.3197372131347656,-1.4794289955906217
1758644868.3528013,target,5,1.037148681640625,-0.9187042846679687,2.4029715831590415
1758644868.3729303,herder,1,1.7127642822265625,0.26453997802734375,-2.867501978411601
1758644868.3729303,herder,2,1.39421435546875,-1.3395648193359375,1.533413667731509
1758644868.3729303,target,1,-0.3557646484375,1.057748779296875,-0.6881261380032768
1758644868.3729303,target,2,0.11036455535888672,0.23003379821777345,2.7055863115086365
1758644868.3729303,target,3,-0.11329552459716796,0.2980447998046875,-1.4566266108631996
1758644868.3729303,target,4,1.30001513671875,0.3197396545410156,-1.478956151339078
1758644868.3729303,target,5,1.037121826171875,-0.9187146606445312,2.403562804921039
1758644868.3928385,herder,1,1.71275537109375,0.2645396728515625,-2.8672436517858633
1758644868.3928385,herder,2,1.3942108154296875,-1.33958154296875,1.5336870412174055
1758644868.3928385,target,1,-0.3557598876953125,1.057750244140625,-0.6882937839938974
1758644868.3928385,target,2,0.11036803436279297,0.23003944396972656,2.705088566700901
1758644868.3928385,target,3,-0.11324478149414062,0.29802822875976565,-1.456972555488801
1758644868.3928385,target,4,1.300023681640625,0.3197745361328125,-1.4794188755784794
1758644868.3928385,target,5,1.037098876953125,-0.918690185546875,2.403856018957057
1758644868.4127574,herder,1,1.7127579345703126,0.26455441284179687,-2.8669821293668174
1758644868.4127574,herder,2,1.39422802734375,-1.33958447265625,1.533836444554559
1758644868.4127574,target,1,-0.35576318359375,1.0577523193359375,-0.6884122280833787
1758644868.4127574,target,2,0.11038301849365234,0.2300160827636719,2.705204414208319
1758644868.4127574,target,3,-0.11327080535888671,0.2980362854003906,-1.4564725469941386
1758644868.4127574,target,4,1.30008349609375,0.31972088623046874,-1.4782300404678679
1758644868.4127574,target,5,1.037119384765625,-0.9187411499023438,2.402535091056378
1758644868.4327521,herder,1,1.712738037109375,0.2645932312011719,-2.8671887906674076
1758644868.4327521,herder,2,1.3942142333984375,-1.3395723876953125,1.5335906347859447
1758644868.4327521,target,1,-0.3557388916015625,1.0577528076171876,-0.6882209465380837
1758644868.4327521,target,2,0.11038430023193359,0.23001168823242188,2.7062893860364174
1758644868.4327521,target,3,-0.11330899810791016,0.2980391845703125,-1.4565163559940704
1758644868.4327521,target,4,1.300107666015625,0.3197325744628906,-1.4786739894215841
1758644868.4327521,target,5,1.037134765625,-0.91869091796875,2.4045407176733162
1758644868.4530206,herder,1,1.7127572021484374,0.26458853149414063,-2.8672907897371576
1758644868.4530206,herder,2,1.394215576171875,-1.339577880859375,1.533725523895157
1758644868.4530206,target,1,-0.3557003479003906,1.0577547607421875,-0.687835254233213
1758644868.4530206,target,2,0.11038156127929688,0.22999327087402344,2.7060997689668036
1758644868.4530206,target,3,-0.11328308868408203,0.29805545043945314,-1.456702777270376
1758644868.4530206,target,4,1.3000838623046875,0.3197106628417969,-1.4779514738178456
1758644868.4530206,target,5,1.03714453125,-0.918649658203125,2.4039348485253234
1758644868.4727988,herder,1,1.712757080078125,0.2645868225097656,-2.867299311852646
1758644868.4727988,herder,2,1.3942117919921875,-1.3395494384765625,1.5337187328343773
1758644868.4727988,target,1,-0.35571649169921876,1.0577490234375,-0.6874984309343452
1758644868.4727988,target,2,0.11036309814453125,0.22998422241210936,2.7063615577019586
1758644868.4727988,target,3,-0.11331134033203125,0.298070068359375,-1.4565606976262202
1758644868.4727988,target,4,1.30007080078125,0.3197112731933594,-1.4789208644546346
1758644868.4727988,target,5,1.0371356201171875,-0.9186289672851562,2.4049077012715294
1758644868.4928896,herder,1,1.7127666015625,0.2645676574707031,-2.867087856862094
1758644868.4928896,herder,2,1.394233154296875,-1.33956494140625,1.533670529618647
1758644868.4928896,target,1,-0.35574032592773436,1.0577547607421875,-0.6877096196087885
1758644868.4928896,target,2,0.11035353088378906,0.22999571228027343,2.7063229418661523
1758644868.4928896,target,3,-0.11332017517089844,0.29807046508789065,-1.4568480527078398
1758644868.4928896,target,4,1.3001871337890625,0.3197308044433594,-1.4792062221654365
1758644868.4928896,target,5,1.037151123046875,-0.9186831665039062,2.4036331123738175
1758644868.51278,herder,1,1.7127890625,0.2645388488769531,-2.86736535824768
1758644868.51278,herder,2,1.394233642578125,-1.339582763671875,1.5336376395791844
1758644868.51278,target,1,-0.3557413024902344,1.057759033203125,-0.6882672855410511
1758644868.51278,target,2,0.11036688232421875,0.22999476623535156,2.706480867318794
1758644868.51278,target,3,-0.11330281829833984,0.2980807189941406,-1.4562593609488776
1758644868.51278,target,4,1.3003104248046875,0.3196960144042969,-1.4794200740009698
1758644868.51278,target,5,1.0371307373046874,-0.9186937255859375,2.4038927705801
1758644868.5329566,herder,1,1.7127601318359376,0.26455224609375,-2.867868429377596
1758644868.5329566,herder,2,1.3942305908203125,-1.3395638427734375,1.533634044311713
1758644868.5329566,target,1,-0.3557457580566406,1.0577557373046875,-0.688145978553398
1758644868.5329566,target,2,0.11037510681152343,0.23002732849121094,2.7051697931141483
1758644868.5329566,target,3,-0.11332304382324218,0.2980735168457031,-1.45623459355074
1758644868.5329566,target,4,1.3002379150390626,0.31970993041992185,-1.4787982258864363
1758644868.5329566,target,5,1.0371474609375,-0.9187005615234375,2.4044746712782823
1758644868.552835,herder,1,1.7127332763671874,0.26456393432617187,-2.8671123579441224
1758644868.552835,herder,2,1.394227783203125,-1.339565673828125,1.5338548203660805
1758644868.552835,target,1,-0.3557543640136719,1.057746337890625,-0.6881881230776484
1758644868.552835,target,2,0.1103788070678711,0.23004507446289063,2.705411075508909
1758644868.552835,target,3,-0.11323119354248047,0.29805126953125,-1.4570628366497547
1758644868.552835,target,4,1.3001275634765626,0.3197297058105469,-1.4783726527442416
1758644868.552835,target,5,1.037140625,-0.9186922607421875,2.403788640981478
1758644868.5727222,herder,1,1.7127486572265624,0.26456842041015627,-2.867285463414978
1758644868.5727222,herder,2,1.3942149658203125,-1.339561279296875,1.5334790483362704
1758644868.5727222,target,1,-0.3557582397460938,1.05775634765625,-0.6884985810817245
1758644868.5727222,target,2,0.11037027740478515,0.23001837158203126,2.7055530219950104
1758644868.5727222,target,3,-0.11326075744628906,0.298041259765625,-1.4566709524953494
1758644868.5727222,target,4,1.30021923828125,0.3196881103515625,-1.478867601232833
1758644868.5727222,target,5,1.0371002197265624,-0.9186124267578125,2.4037138061548466
1758644868.5927613,herder,1,1.71274609375,0.2645691833496094,-2.8674085014573394
1758644868.5927613,herder,2,1.3942230224609375,-1.339568603515625,1.5334145998378903
1758644868.5927613,target,1,-0.3557718505859375,1.05775244140625,-0.6881851270214221
1758644868.5927613,target,2,0.11036869812011718,0.23000863647460937,2.706482997847666
1758644868.5927613,target,3,-0.11329856109619141,0.29805813598632813,-1.4565227475806866
1758644868.5927613,target,4,1.3002767333984375,0.3196834411621094,-1.4782063383341661
1758644868.5927613,target,5,1.037116455078125,-0.9186796264648438,2.4042445741600997
1758644868.6127892,herder,1,1.7127470703125,0.2645824890136719,-2.8673483140167035
1758644868.6127892,herder,2,1.3942315673828125,-1.339581298828125,1.533623791141516
1758644868.6127892,target,1,-0.355772705078125,1.0577625732421876,-0.6882423184058316
1758644868.6127892,target,2,0.11035952758789062,0.2299993133544922,2.7061551627174776
1758644868.6127892,target,3,-0.11330058288574218,0.2980526123046875,-1.4568083716075975
1758644868.6127892,target,4,1.3001492919921875,0.31971002197265624,-1.4785758519354146
1758644868.6127892,target,5,1.0370712890625,-0.9187097778320312,2.4030099326787386
1758644868.632878,herder,1,1.7127518310546874,0.26457403564453125,-2.8675930585208818
1758644868.632878,herder,2,1.394239501953125,-1.33957666015625,1.5338352461320683
1758644868.632878,target,1,-0.3557697143554687,1.0577720947265625,-0.6883137577020729
1758644868.632878,target,2,0.11037284088134766,0.23001779174804687,2.70647660626105
1758644868.632878,target,3,-0.11332199096679688,0.2980606994628906,-1.4565732144833436
1758644868.632878,target,4,1.30020068359375,0.31972909545898437,-1.4786854410142716
1758644868.632878,target,5,1.0370478515625,-0.918686767578125,2.403457077425763
1758644868.6527402,herder,1,1.712767822265625,0.2645585021972656,-2.8674508457186714
1758644868.6527402,herder,2,1.3942353515625,-1.3395760498046876,1.5335012857313723
1758644868.6527402,target,1,-0.35575979614257813,1.057756591796875,-0.6881686820016909
1758644868.6527402,target,2,0.11036730194091797,0.23000775146484376,2.7063775366684992
1758644868.6527402,target,3,-0.11332137298583984,0.298078369140625,-1.4560211411893702
1758644868.6527402,target,4,1.3001234130859376,0.3197504577636719,-1.4779472127601014
1758644868.6527402,target,5,1.0370887451171875,-0.9186834716796874,2.4040072865069733
1758644868.672751,herder,1,1.7127633056640625,0.2645523376464844,-2.867492657347786
1758644868.672751,herder,2,1.394239501953125,-1.3395653076171874,1.5336114074424472
1758644868.672751,target,1,-0.3557686157226562,1.05775830078125,-0.6882780047644387
1758644868.672751,target,2,0.11036598968505859,0.23000048828125,2.706365552443594
1758644868.672751,target,3,-0.11333129119873046,0.298077880859375,-1.4563079636387717
1758644868.672751,target,4,1.3001099853515625,0.31973733520507813,-1.4782293746775954
1758644868.672751,target,5,1.037125244140625,-0.918709716796875,2.4038062178446724
1758644868.6927762,herder,1,1.7127374267578126,0.2645605773925781,-2.867340590849542
1758644868.6927762,herder,2,1.39422216796875,-1.3395989990234376,1.533659743816232
1758644868.6927762,target,1,-0.35576483154296873,1.0577520751953124,-0.6881284016902034
1758644868.6927762,target,2,0.11035615539550782,0.23000335693359375,2.7062534333617014
1758644868.6927762,target,3,-0.11332469940185547,0.29806808471679686,-1.4559411131986133
1758644868.6927762,target,4,1.300188232421875,0.3197152404785156,-1.4789047523300396
1758644868.6927762,target,5,1.037090576171875,-0.9187097778320312,2.4028615946060214
